GUCI;TitleVONDELHABAND_-NAT00Z04Y2N;Halsbandparkieten in het voorjaar in het Vondelpark
060102_1_BOKL-NAT00Z02H20;Boomklever roept en zoekt voedsel
020102_2_BOBE-NAT00Z02H0C;Bontbekplevier op schor
070201_2_GRLI-NAT00Z02H2G;Groenling op rozenbottels
000211_2_TAPU-NAT00Z02GZN;Tapuit in winterkleed
3010_4_REIGER-NAT00Z02H6C;Een blauwe reiger foerageert in een plas tijdens een regenbui
0000GRAUWGORS-NAT00Z03NPO;Zingende grauwe gors met ondergaande zon
0000GEKRROODS-NAT00Z03NPD;Gekraagde roodstaart
0000BUIZERD00-NAT00Z03NOR;Buizerd met prooi
0000BONTEVLIE-NAT00Z03NOD;Bonte vliegenvanger
0000GRMANTELM-NAT00Z03NPZ;Grote mantelmeeuw eet steenloper
0001KOLGANS00-NAT00Z03NWP;Grazende kolganzen
0000LEPELAAR0-NAT00Z03NRW;Poetsende lepelaars
0000KNOBZWAAN-NAT00Z03NRB;Knobbelzwaan met jongen
0000ROODKKLAU-NAT00Z03NT3;Roodkopklauwier in struiken
0000ROEK00000-NAT00Z03NSW;Zittende roek
0000WATERPIEP-NAT00Z03NU8;Foeragerende waterpieper
KOLGANZENINHE-NAT00Z056HK;Kolganzen in het water
114A_2_REIGER-NAT00Z00UE7;Blauwe reiger vangt kikker
350A_3_KLUUTC-NAT00Z012WY;Kluut zoekt eten in laag water
675A_3_SEISJE-NAT00Z01NKO;Sijs op tak
EP06015_3_VOG-NAT00Z01NB3;Winterkoninkje en fitis
060502_1_ROBO-NAT00Z02H28;Roodborst op bevroren sloot en zingend in boom
100202_1_MEKO-NAT00Z02H4S;Meerkoet in de stad
0002BONTBEKPL-NAT00Z03NYU;Poetsende bontbekplevier
0000KLRIETGAN-NAT00Z03NR2;Kleine rietgans in de sneeuw
0000KUIFEEND0-NAT00Z03NRQ;Paartje kuifeenden zittend
0217_5_ZANGLI-NAT00Z00TQI;Zanglijster
117A_4_BUIZER-NAT00Z00TV5;Buizerd op paal
547A_2_HEGMUS-NAT00Z013MR;Heggenmus
0000GRGELEKWI-NAT00Z03NPV;Grote gele kwikstaart op tak
0003PURPERREI-NAT00Z03O10;Puperreigers in kolonie
BUITENGEWO_24-NAT00Z05784;Oeverzwaluw
041304_2_KUIF-NAT00Z02H1N;Kuifeend in sloot en randmeer
0001EUROKANAR-NAT00Z03NVQ;Europese kanarie
0000RODEWOUW0-NAT00Z03NSV;Zittende en vliegende rode wouw
353A_4_KLUUTW-NAT00Z012X8;Kluut zoekt eten in laag water
980603_1_ZOMT-NAT00Z02H8Z;Zomertaling foeragerend
0001KLRIETGAN-NAT00Z03NWK;Grazende kleine rietganzen
0000PURPERREI-NAT00Z03NSM;Purperreiger juveniel
610A_8_ROVOVL-NAT00Z00W6C;Vliegende sperwer met prooi
609A_2_ROBORS-NAT00Z00W8U;Jong roodborstje
EP06086_5_MER-NAT00Z01NFG;Merel in besneeuwde boom
1712_2_SNEEUW-NAT00Z02AS7;Gallowayrunderen tijdens een sneeuwbui in de uiterwaarden
070201_9_HUMU-NAT00Z02H2N;Huismus, paring en jongen voeden
0000KANOET000-NAT00Z03NQN;Foeragerende kanoet
0003ROTGANS00-NAT00Z03O12;Vliegende rotganzen
0001TORENVALK-NAT00Z03NXS;Torenvalk met prooi in de sneeuw
DOLLARDWIRIET-NAT00Z04XUF;Rietlandschap, baardmannetje in de Dollard
0205_1_SCHOLE-NAT00Z00TED;Scholeksters fourageren in weiland
637A_2_WATERH-NAT00Z01M2F;Dodaar
000207_1_EKST-NAT00Z02GZL;Ekster op gras en paaltje
0000KRAMSVOGE-NAT00Z03NRK;Kramsvogels etend van de bessen
0005SCHOLEKST-NAT00Z03O24;Grote groep scholeksters op het ijs op het wad
0001SPREEUW00-NAT00Z03NXN;Spreeuwen op vogelvoer
VKB086_082_05-NAT00Z050RK;Kokmeeuwen grijpen brood uit water
980204_1_GEGO-NAT00Z02H8M;Zingende geelgors
000117_1_GRZI-NAT00Z02GZH;Grote zilverreiger op jacht
0000ROODBORST-NAT00Z03NSY;Jonge roodborst in het najaar
0197_3_REIGER-NAT00Z00TEY;Blauwe reiger vangt kikker
533A_4_WULPZE-NAT00Z013OA;Wulp op het wad
1708_2_RUNDER-NAT00Z02ART;Gallowayrunderen schuren tegen een dode boom
030903_1_DODA-NAT00Z02H1C;Dodaars met jongen
0001HUISMUS00-NAT00Z03NW9;Huismus in een nestkast
0000ROODHFUUT-NAT00Z03NT0;Roodhalsfuut in zomerkleed
0000RAAF00000-NAT00Z03NSO;Raaf in de sneeuw
BARMSIJSOPTEU-NAT00Z056FV;Kleine barmsijzen op uitgebloeide teunisbloemen
BUITENGEWO_13-NAT00Z0577T;Zwarte specht
677A_2_ROOFVO-NAT00Z013OV;Buizerd in maisstoppelveld
0003HUISMUS00-NAT00Z03O0M;Huismus tussen de bloesem
0001GRBONTESP-NAT00Z03NW0;Grote bonte specht op spechtensmidse
0002VELDLEEUW-NAT00Z03O07;Zingende veldleeuwerik in een weiland
0437_2_NIJLGA-NAT00Z00TH9;Nijlganzen op het Wad
380A_1_EENDEN-NAT00Z0134Y;Eidereenden met kuikens en zeehonden
EP06173_1_ZIL-NAT00Z01NG5;Zilvermeeuwen op de Schorren, Texel
100101_1_CASA-NAT00Z02H4O;Cassarca in de Vreugderijkerwaard
5312_1_PLASSE-NAT00Z03K20;De oevers van de Loonse Waard bij Niftrik
0002HOUTDUIF0-NAT00Z03NZ6;Houtduif in de regen
577A_1_BNTSPE-NAT00Z013O9;Grote bonte spechten
748A_1_GAAITA-NAT00Z01N8S;Gaaien zitten op een tak
EP06171_1_GAN-NAT00Z01NHL;Grauwe ganzen in natuurgebied Waal en Burg
EP06170_2_GRU-NAT00Z01N7N;Rosse grutto
0000GRZAAGBEK-NAT00Z03NQ5;Grote zaagbek duikend
0003KOPERWIEK-NAT00Z03O0U;Spittende koperwiek
0000MORINELPL-NAT00Z03NS2;Volwassen morinelplevieren op akker
0000SPRINKHZA-NAT00Z03NTJ;Zingende sprinkhaanzanger
6013_2_VOORNE-NAT00Z04XR4;Grauwe ganzen in een duinmeertje in Voornes Duin
527A_6_KOLGRE-NAT00Z013I2;Kolganzen en reeën
EP06105_1_KRA-NAT00Z01NBW;Zwarte kraai in weiland
EF07021_1_KLA-NAT00Z01NUU;Daurische klauwier
0001KUIFDUIKE-NAT00Z03NWU;Zwemmende kuifduiker in winterkleed
0002WULP00000-NAT00Z03O08;Wulpen in de sneeuw
488A_2_HUISMU-NAT00Z013NH;Huismussen in struik
0001RINGMUS00-NAT00Z03NXE;Ringmus op feeders
VONDELORAOOIV-NAT00Z04Y33;Reigers tijdens Koningsdag in het Vondelpark
562A_1_BLAREI-NAT00Z013K3;Blauwe reigers in veld met paardenbloemen
910405_2_PIMP-NAT00Z02H7R;Pimpelmees in bos en op voederplaats
3006_2_GRENSM-NAT00Z02H61;Stroomversnellingen in de Grensmaas bij Mees
0000BRANDGANS-NAT00Z03NON;Brandgans
VONDELOOIVAAR-NAT00Z04Y30;Ooievaar in het Vondelpark
675A_5_KRUISB-NAT00Z01NC2;Kruisbekken in grove den en lariks
EP06003_1_BRG-NAT00Z01NLV;Jonge bergeend zoekt voedsel in ondiep water
010101_1_PEVO-NAT00Z02GZY;Pestvogel invasie in  Amstelveen
0001DWERGGANS-NAT00Z03NVN;Dwerggans
0002GRMANTELM-NAT00Z03NZ3;Jonge grote mantelmeeuw etend op ijs
0000KEMPHAAN0-NAT00Z03NQQ;Kemphaan op het ijs
0002KUIFEEND0-NAT00Z03NZO;Grote groep kuifeenden
0000TAFELEEND-NAT00Z03NTR;Baltsende en poetsende tafeleend
0000PUTTER000-NAT00Z03NSN;Putters op distelzaden
0001WATERSNIP-NAT00Z03NYE;Foeragerende watersnip in sneeuw en ijs
0000ZWKOPMEEU-NAT00Z03NV3;Juveniele zwartkopmeeuw
0000ZWARTWOUW-NAT00Z03NV1;Overvliegende en zittende zwarte wouw
0000MATKOP000-NAT00Z03NRX;Matkop op vogelvoer en in wilg
483A_1_KOLGAN-NAT00Z013JD;Kolganzen
590A_3_KIPPEN-NAT00Z013NA;Kippen op een boerenerf
900413_1_BUIM-NAT00Z02H74;Buidelmees aan de nestbouw
060501_1_MERE-NAT00Z02H27;Merel in diverse tuinen
0000BOSUIL001-NAT00Z03NOL;Bosuil in knotwilg
0000BOOMKRUIP-NAT00Z03NOF;Boomkruiper
0002KOKMEEUW0-NAT00Z03NZJ;Juveniele kokmeeuw
0001MEERKOET0-NAT00Z03NWY;Grazende meerkoeten
0000REUZENSTE-NAT00Z03NSR;Reuzenstern op onder gelopen bollenveld
0001TURELUUR0-NAT00Z03NY0;Tureluur alarmerend
16A_3_KOEKOEK-NAT00Z00UDI;Koekoek
220A_3_ZWRMVO-NAT00Z00UI6;Grote zwerm kieviten
208A_3_FAZANT-NAT00Z00UI5;Fazanthaan
070201_8_HUMU-NAT00Z02H2M;Mannetjes en vrouwtjes huismus op tak
0000TJIFTJAF0-NAT00Z03NTU;Zingende tjiftjaf
SP036LANDSBK6-NAT00Z05775;Blauwe Kamer: ganzen in slow motion
910103_2_SNEG-NAT00Z02H7B;Sneeuwgors op dijk
0000PAARSESTR-NAT00Z03NSG;Paarse strandloper langs de kust
SP016VOERZWAR-NAT00Z054UC;Vogels voeren zwarte mezen
622A_5_BLAURE-NAT00Z00WDM;Blauwe reiger en koeien
461A_1_BOERZW-NAT00Z013IG;Jonge boerenzwaluwen
690A_4_AALSCH-NAT00Z01N7S;Aalscholver droogt vleugels
051310_1_GRZI-NAT00Z02H1Q;Grote zilverreiger in vlucht en jagend in sloot
970201_1_DWST-NAT00Z02H87;Dwergstern op het nest
0001KLMANTELM-NAT00Z03NWI;Vliegende kleine mantelmeeuw en zittend op strand
0001KEEP00000-NAT00Z03NWE;Mannetje en vrouwtje keep in de bomen
0002MEERKOET0-NAT00Z03NZQ;Jonge meerkoeten
0002KLZWAAN00-NAT00Z03NZH;Kleine zwanen bij zonsopkomst
0001ZWKOPMEEU-NAT00Z03NYP;Adulte zwartkopmeeuw
030804_2_TAPU-NAT00Z02H1B;Tapuit in het duin
070304_1_ZWSP-NAT00Z02H2U;Zwarte specht, twee juvenielen aan boomstam
0004BONTBEKPL-NAT00Z03O68;Bontbekplevier op nest op parkeerplaats
6028_1_TONGPL-NAT00Z04XSM;De Tongplaat in ochtendlicht
607A_3_TURKSE-NAT00Z00W7Z;Turkse tortel
567A_1_SCHOLE-NAT00Z013IN;Scholekster op akker
658A_4_GOUDVI-NAT00Z01N7U;Goudvink in struik
0001ROODHFUUT-NAT00Z03NXI;Roodhalsfuut in winterkleed
0000ROSSEGRUT-NAT00Z03NT5;Adult zomer rosse grutto's
0000WILDEEEND-NAT00Z03NUE;Mannetje en voruwtje wilde eend
0223_1_SNEEUW-NAT00Z00TVS;Vogels in een sneeuwbui
685A_1_TUINVO-NAT00Z01NMB;Roodborst, merel en koolmees
EP06173_2_EID-NAT00Z01NG3;Broedende eidereend
980302_1_HODU-NAT00Z02H8Q;Holenduif op grasland
0000GRBARMSIJ-NAT00Z03NPS;Grote barmsijs in bomen
0000GRBURGEME-NAT00Z03NPU;Grote burgemeester tweede winter
0000ZWZEEEEND-NAT00Z03NV6;Zwarte zee-eend mannetje
EF08040_2_UIL-NAT00Z01NUD;Koolmees en steenuil bij nestkasten in boerenschuur
980601_3_BOZW-NAT00Z02H8Y;Boerenzwaluw op draad
910207_1_WULP-NAT00Z02H7M;Wulp lopend op akkerland
3010_3_KLEIPU-NAT00Z02H6B;Eenden en andere watervogels op een plas in de regen
0004BUIZERD00-NAT00Z03O1A;Buizerd op nest
0000CANADGANS-NAT00Z03NOS;Canadese gans op nest
0000HOP000000-NAT00Z03NQC;Foeragerende hop
0000OEVERPIEP-NAT00Z03NSC;Foeragerende en drinkende oeverpieper
0000NOOKWIKST-NAT00Z03NS8;Noordse kwikstaart
0000STRANDLEE-NAT00Z03NTP;Foeragerende strandleeuwerikken
0530_9_WULPWE-NAT00Z00TRP;Wulp
341A_5_GRUTTO-NAT00Z012WV;Grutto op paal en groot kuiken in gras
675A_1_KEEPDE-NAT00Z01NHM;Keep in grove den
000103_1_ZOMT-NAT00Z02GZ9;Zwemmende zomertaling
0002PIMPELMEE-NAT00Z03NZU;Pimpelmees op voer
023VOGELOPVAN-NAT00Z05004;Vogelopvang
070503_1_AME1-NAT00Z02H2V;Onderlopen broedkolonie Ameland voor de springvloed, deel 1
051301_1_WIKW-NAT00Z02H1P;Witte kwikstaart op een hek
0000KLZWAAN00-NAT00Z03NR9;Kleine zwaan in de sneeuw
0000TEMSTRLOP-NAT00Z03NTT;Foeragerende temminck strandlopers
0000RIETGORS0-NAT00Z03NSS;Zingend mannetje rietgors in verschillende vegetatie
VONDELNEILALL-NAT00Z04Y2T;Nijlganzen in het Vondelpark in het voorjaar
0333_2_SCHOLE-NAT00Z00TSX;Roepende scholekster in weiland
620A_1_BUIZER-NAT00Z01M1C;Buizerd op dode tak in heideveld
0001BUIZERD00-NAT00Z03NVK;Buizerd zittend
0000ZWROTGANS-NAT00Z03NV5;Foeragerende zwarte rotgans
STEENUILMUIS_-NAT00Z056BV;Steenuil met prooi
0532_3_TURELU-NAT00Z00TSP;Tureluur fouragerend langs waterkant
298A_1_ZEEVOG-NAT00Z00VSE;Jan-van-Gent boven de Noordzee
031102_1_SMEL-NAT00Z02H1D;Smelleken op een tak
0000ZEEAREND0-NAT00Z03NUP;Zeearend paar op het vogeleiland
350A_5_TORENV-NAT00Z012Z7;Torenvalk
000103_2_TAFE-NAT00Z02GZA;Tafeleend, man en vrouw
0000GOUDPLEVI-NAT00Z03NPI;Goudplevier in winterkleed
010301_1_BAME-NAT00Z02H00;Baardmees in het riet
0002EIDEREEND-NAT00Z03NYZ;Eider op nest
0006KIEVIT000-NAT00Z03O27;Halfwas jonge kievit in moeras
EP06167_7_BON-NAT00Z01NFD;Bonte vliegenvanger inspecteert nestkast
900511_1_GOPL-NAT00Z02H75;Goudplevier in weiland
000018_1_RANS-NAT00Z02GZ0;Ransuil in dierenasiel
0000KWAK00000-NAT00Z03NRS;Volwassen kwak
0001ZWARTOOIE-NAT00Z03NYN;Geringde zwarte ooievaar in sloot
0001VISAREND0-NAT00Z03NYB;Jagende visarend met vis als prooi
564A_2_REIGER-NAT00Z013MK;Blauwe reiger landt in weiland met paardenbloemen
EF08045_2_STE-NAT00Z01NAS;Vliegende grote sterns boven broedkolonie
1010B_3_LANDS-NAT00Z02AQG;Het landschap van de Blauwe Kamer aan de voet van de Grebbeberg
040202_1_MEKO-NAT00Z02H1I;Meerkoet op nest en met jongen
0001DWERGSTER-NAT00Z03NVO;Donsjong van dwergstern
0000BOOMKLEVE-NAT00Z03NOE;Boomklever roepend
0003GRMANTELM-NAT00Z03O0I;Volwassen grote mantelmeeuw op ijs
0003SCHOLEKST-NAT00Z03O13;Scholekster in winterkleed op Noordzeestrand
0000ZILVERMEE-NAT00Z03NUR;Zilvermeeuwenjong met excursie met kind
563A_2_RIETVO-NAT00Z013OP;Rietgors zingend in struik
3001C_2_HOOGW-NAT00Z02H5Q;Ganzen grazen op een stuk grasland tijdens een hoogwater langs de Maas
0000KAUW00000-NAT00Z03NQO;Kauw in de duinen voor konijnenhol
0001GRBARMSIJ-NAT00Z03NVZ;Foeragerende grote barmsijs
0000NOTENKRAK-NAT00Z03NSA;Foeragerende notenkraker
030804_1_STLO-NAT00Z02H1A;Steenloper op bazaltstenen dijk en slikken
910407_1_ZWSP-NAT00Z02H7S;Zwarte specht bij nestholte
0000REGENWULP-NAT00Z03NSQ;Regenwulp op het wad
0002ZILVERMEE-NAT00Z03O0A;Diverse kleden zilvermeeuw op strand
0000WITBUIKRG-NAT00Z03NUI;Foeragerende witbuikrotgans
027VOGELOPVAN-NAT00Z05008;Vogelopvang
OEVERZWALUW__-NAT00Z056HX;Oeverzwaluwen langs de oever van de Maas
0538_3_SMIENT-NAT00Z00TT9;Smienten in berijpt weiland
980601_2_BOZW-NAT00Z02H8X;Boerenzwaluw op hek
0001BRKIEKEND-NAT00Z03NVJ;Bruine kiekendief met prooi
0002ROTGANS00-NAT00Z03O00;Rotganzen in de sneeuw
980702_1_EKST-NAT00Z02H93;Ekster jaagt op vliegen
000223_1_BOZW-NAT00Z02GZT;Boerenzwaluw op brug
950138_1_HUZW-NAT00Z02H81;Huiszwaluw aan de nestbouw
000211_3_TURE-NAT00Z02GZO;Tureluur op een hek
0000PARELDUIK-NAT00Z03NSH;Parelduiker in haven en op zee
0001TAPUIT000-NAT00Z03NXR;Tapuit met jongen bij konijnenhol
0001ROERDOMP0-NAT00Z03NXF;Roerdomp sluipend langs rietkraag
0000WATERRAL0-NAT00Z03NU9;Foeragerende waterral op het ijs
ATELES141LIM2-NAT00Z04I56;Graften en holle wegen in Limburg met vliegende buizerd
BOOMKRUIPERBI-NAT00Z056G6;Boomkruiper voedt zijn jongen
637A_3_REIGER-NAT00Z01M2T;Blauwe reiger
EF08042_1_IJS-NAT00Z01NU5;IJsvogel op tak bij webcam
020507_1_GRLI-NAT00Z02HJH;Groenling zingend in een boom
0004HUISMUS00-NAT00Z03O1H;Albino huismus
0000SNEEUWGOR-NAT00Z03NTE;Foeragerende sneeuwgors
0000ZOMERTORT-NAT00Z03NUU;Zingende zomertortel
0000TURELUUR0-NAT00Z03NTZ;Grote groep tureluurs
115A_4_KWIKST-NAT00Z00TSB;Witte kwikstaart op dak woonhuis
220A_1_ZWERME-NAT00Z00UHX;Vliegende ganzen en een zwerm spreeuwen
336A_4_UILSKU-NAT00Z012X9;Velduil en kuikens
1013_2_HOOGWA-NAT00Z02AQL;Verschillende dieren vluchten voor het hoogwater in de Millingerwaard
0000WESPENDIE-NAT00Z03NUC;Jonge wespendieven op nest en in boom en vliegend
ROODBORSTAPUI-NAT00Z056IF;Roodborsttapuit zoekt voedsel
353A_5_VISDIE-NAT00Z012WQ;Visdief wast wis
364A_3_LEEUWR-NAT00Z01365;Veldleeuwerik
564A_1_REEGEI-NAT00Z013KR;Reeën en blauwe reiger
737A_2_KRAMSV-NAT00Z01NBY;Kramsvogels in weiland
0001HAVIK0000-NAT00Z03NW6;Havik in bosje
0000INDISGANS-NAT00Z03NQL;Indische gans
0001ROSSEGRUT-NAT00Z03NXJ;Winterkleed rosse grutto's
WINTERTALINGF-NAT00Z056IY;Wintertalingen foerageren
592A_1_TAPUIT-NAT00Z013NX;Tapuit bij een konijnenhol
0002KOOLMEES0-NAT00Z03NZK;Vechtende koolmezen
0001PAAPJE000-NAT00Z03NX6;Volwassen paapje in struiken
0001KOOLMEES0-NAT00Z03NWQ;Koolmees op vogelfeeders
0000SPOTVOGEL-NAT00Z03NTH;Zingende spotvogel
0002TURELUUR0-NAT00Z03O06;Tureluur op weidepaal
ZWAANVECHWIEN-NAT00Z04Y63;Zwanengevecht in het water
615A_2_WATHOE-NAT00Z00W8Z;Waterhoen in poeltje
EP06133_2_ZEE-NAT00Z013HQ;Zeearendjong staat op het punt van uitvliegen
496A_2_BUIZRD-NAT00Z013M0;Twee buizerds in een weiland
070803_1_GRVL-NAT00Z02H35;Grauwe vliegenvanger met jong
020409_1_GOVI-NAT00Z02H0K;Goudvink in boom
3011_2_REIGER-NAT00Z02H6D;Jonge blauwe reigers op de oever van een plas
3009_4_KLEIPU-NAT00Z02H67;Verschillende planten groeien langs de oever van kleiputten in de Romeinenweerd
0000BOOMLEEUW-NAT00Z03NOG;Boomleeuwerik
0001GRMANTELM-NAT00Z03NW2;Grote mantelmeeuw op strand
0007LEPELAAR0-NAT00Z03O2C;Grote groep lepelaars op trektocht
0000KUIFDUIKE-NAT00Z03NRP;Zwemmende en poetsende kuifduiker in zomerkleed
BUITENGEWO_36-NAT00Z0578H;Ooievaars
631A_2_WAHOEN-NAT00Z01LZR;Waterhoentjes
000302_2_EIDE-NAT00Z02GZX;Mannetjes en vrouwtjes eidereend
110102_1_GRZI-NAT00Z02H4U;Grote zilverreiger jaagt op muizen
0000GRAFRANJE-NAT00Z03NPK;Zomerkleed grauwe franjepoot
ZANGVRINGEN03-NAT00Z0508W;Steltlopers ringen
SP030BUFFKOE3-NAT00Z0576Z;Jagende bruine kiekendief Klimaatbuffer Koedood slow motion
567A_2_KIEVIE-NAT00Z013M9;Kievit met kuiken in landbouwgebied
EF09137_2_DWE-NAT00Z01NIU;Dwerggans, brandganzen en kruisingen
5703_2_VOGELS-NAT00Z03K2R;Een gele kwikstaart roept in een jonge wilgenboom
0000RIETZANGE-NAT00Z03NST;Zingende rietzanger
0366_1_BONTBE-NAT00Z00TUU;Bontbekplevieren
88A_3_SCHOLEK-NAT00Z00TJO;Nestkom in een duin met eieren van een scholekster
622A_4_BUIZER-NAT00Z00W7I;Bruine kiekendief en havik
5309_1_WILGEN-NAT00Z03K1T;Wilgenbos aan de waterkant
0001MIBOSPECH-NAT00Z03NX0;Middelste bonte specht hakkend
0000LACHSTERN-NAT00Z03NRV;Poetsende en vliegende lachtstern
VONDELVOOBLOE-NAT00Z04Y37;Voorjaarsbloemen in het Vondelpark
106A_3_BRILDU-NAT00Z00TWG;Brilduikers
020406_1_PUTT-NAT00Z02H0J;Putter zingt in een boom
000102_1_KRAV-NAT00Z02GZ8;Kramsvogel in weiland
0000KLSTWATEH-NAT00Z03NR5;Parende en poetsende kleinst waterhoen
0000OEVERLOPE-NAT00Z03NSB;Foeragerende oeverloper
0000NOSTORMVO-NAT00Z03NS9;Noordse stormvogel met olie op strand
0001PIMPELMEE-NAT00Z03NX8;Pimpelmees in nestkast
0001PESTVOGEL-NAT00Z03NX7;Pestvogels met een appel
177A_2_VISARE-NAT00Z00UFF;Visarend
286A_2_REEBUI-NAT00Z00VPV;Lichte buizerd op nek kadaver edelhert
EP06003_6_WSN-NAT00Z01NKX;Watersnippen zoeken voedsel in ondiep water en in modder
3002_2_PLASSE-NAT00Z02H5V;Watervogels op de plassen in Romeinenweerd
0004KIEVIT000-NAT00Z03O1K;Vliegende kievitten
0002PURPERREI-NAT00Z03NZV;Purperreiger aangevallen
0001REGENWULP-NAT00Z03NXC;Regenwulp in het weiland
STEENUILROEPE-NAT00Z056IN;Steenuil roepend
0217_4_FITUSO-NAT00Z00TW0;Fitis
248A_4_SIJSJE-NAT00Z00VQT;Sijsjes en pimpelmees in een poeltje
624A_1_PUTTER-NAT00Z01LZQ;Putters of distelvinken op distel
071001_1_KORH-NAT00Z02H36;Groepje jonge korhoenders in bos
0001KNOBZWAAN-NAT00Z03NWM;Grote groep knobbelzwanen
0532_1_BONTES-NAT00Z00TWA;Bonte strandlopers fouragerend
EF08042_4_KLU-NAT00Z01NBA;Kluten, kokmeeuwen, bergeend en stormmeeuwen
0000KLKAREKIE-NAT00Z03NQZ;Zingende kleine karekiet
0001SCHOLEKST-NAT00Z03NXL;Scholekster in orchideënveld
ATELES151LI07-NAT00Z04I5T;Landschap in Limburg
VKB047_002_09-NAT00Z050QC;Fuut zit te broeden
0002ROODBOTAP-NAT00Z03NZY;Voerend mannetje met jong roodborsttapuit
0000WATERSNIP-NAT00Z03NUA;Foeragerende watersnip in de regen
GEELGORSWASSE-NAT00Z056GU;Geelgors badderend
366A_3_VISARE-NAT00Z0137O;Visarend
EP06109_3_GAA-NAT00Z01NBK;Gaai op tak
000028_1_TOVA-NAT00Z02GZ3;Torenvalk, biddend en rustend op een hek
070506_3_TOVA-NAT00Z02H30;Torenvalk, biddend en zittend op een tak
0000SNOR00000-NAT00Z03NTF;Zingende snor
ATELES131STA1-NAT00Z0423I;Ooievaars en kieviet in veld bij Staphorst
0366_5_KLUTEN-NAT00Z00TRT;Jonge kluten en jonge bergeenden
141A_1_SCHRRL-NAT00Z00WE4;Scharrelkippen
741A_1_KLAPEK-NAT00Z01N8L;Klapekster poetst veren
EP06176_5_GRO-NAT00Z01NBT;Groenpootruiter in plas in nat weiland
070101_2_ROBO-NAT00Z02H2B;Roodborst in tuin
0000ENGKWIKST-NAT00Z03NP3;Engelse kwikstaart
637A_5_KNOBBE-NAT00Z01M2M;Badderende knobbelzwanen
EP06035_2_KOK-NAT00Z01NAQ;Kokmeeuwen in plas in hoogveen
910201_3_BOPL-NAT00Z02H7L;Bontbekplevier op strand Texel
971017_1_RIEZ-NAT00Z02H8G;Rietzanger zingt in het riet
020505_1_KOOL-NAT00Z02H0O;Koolmees zingend en met jongen
0000BOERENZWA-NAT00Z03NO9;Jonge boerenzwaluwen
0001ZEEKOET00-NAT00Z03NYK;Zeekoet met stookolie
0000WINTERTAL-NAT00Z03NUH;Baltsende en poetsende wintertaling
0000SIJS00000-NAT00Z03O65;Sijs aan vogelfeeders
6024_1_VOGELS-NAT00Z04XS8;Visdiefjes en kokmeeuwen in rust
691A_2_KRAANV-NAT00Z01NMR;Vliegende kraanvogels boven het Fochteloërveen
070106_1_VINK-NAT00Z02H2C;Vink zingend en foeragerend
0000WITWANGST-NAT00Z03NUL;Witwangstern bij kolonie
0000KLBARMSIJ-NAT00Z03NQU;Foeragerende kleine barmsijs
0000WATERHOEN-NAT00Z03NU7;Foeragerende waterhoen
116A_3_BOOMKR-NAT00Z00UEZ;Boomkruiper
673A_3_GANZEN-NAT00Z01N8P;Langsvliegende kolganzen
0002ROERDOMP0-NAT00Z03NZX;Roerdomp op het ijs
0000TOPPEREEN-NAT00Z03NTV;Zwemmende toppereenden
0000RINGMUS00-NAT00Z03NSU;Ringmus op takken en grond
488A_4_GAAIEK-NAT00Z013HF;Gaai en ekster
0000HALSBANDP-NAT00Z03NQ8;Halsbandparkiet
VONDELMEERKOE-NAT00Z04Y2S;Meerkoetnest met jongen in het Vondelpark
GOUDVINKJONG_-NAT00Z056BQ;Jonge goudvinken badderen
GOUDVINKFOERA-NAT00Z056GV;Goudvinken eten van knoppen
258A_3_WILZWA-NAT00Z00VR2;Wilde zwanenpaar met groot jong
EF07029_4_MEW-NAT00Z01NTQ;Zilvermeeuw en kokmeeuw eten dode vis
070201_6_HUMU-NAT00Z02H2K;Mannetjes en vrouwtjes huismussen tjilpen
0000CASARCA00-NAT00Z03NOT;Casarca
0004TURELUUR0-NAT00Z03O1T;Baltsende tureluurs
MEERKOETVECHT-NAT00Z056HS;Meerkoeten vechten
0357_3_BUIZER-NAT00Z00TRD;Jagende buizerd
436A_3_JONGER-NAT00Z013AZ;Jonge boomvalken
00000012TEXEL-NAT00Z02Y8J;Duingebied Grote Vlak
0001BONTEVLIE-NAT00Z03NVE;Bonte vliegenvanger in nestkast
0000GRAUWGANS-NAT00Z03NPN;Alerte grauwe ganzen
0000BOKJE0000-NAT00Z03NOA;Bokje in het riet
0000OOIEVAAR0-NAT00Z03NSE;Ooievaar op nest
0000WITKWIKST-NAT00Z03NUK;Poetsende man en jong witte kwikstaart
KRAKEENDFOERA-NAT00Z056HN;Krakeend foeragerend
30A_2_BOOMKLE-NAT00Z00U9T;Boomklever brengt voedsel voor jongen
000028_2_KLST-NAT00Z02GZ5;Kleine strandloper op bevroren sloot
0001BOKJE0000-NAT00Z03NVB;Bokje foeragerend in kwelsloot
0000KOPERWIEK-NAT00Z03NRG;Koperwiek in bessenstruik
0000PORSELEIN-NAT00Z03NSL;Foeragerende en poetsende porseleinhoen
0000ZOMERTALI-NAT00Z03NUT;Mannetje en vrouwtje zomertaling
0001SIJS00000-NAT00Z03O67;Sijsje in de bomen
115A_2_VINKZI-NAT00Z00TW7;Zingende vink
302A_3_ROTGAN-NAT00Z00VS8;Rotganzen in een weiland
443A_1_STELTE-NAT00Z01360;Grauwe ganzen en kieviten
481A_2_ZEEKOE-NAT00Z013HG;Zeekoeten in winterkleed
675A_2_KRAANV-NAT00Z01NKL;Kraanvogelpaar in het Fochteloërveen
286A_3_REEBUI-NAT00Z00VSQ;Lichtebuizerd loopt over kadaver edelhert
0000HOLENDUIF-NAT00Z03NQB;Holenduif
0000GRZILVERR-NAT00Z03NQ7;Grote zilverreiger in boom en weiland
0000ROODKEELD-NAT00Z03NT2;Roodkeelduiker in zomerkleed
0000VISAREND0-NAT00Z03NU4;Zittende visarend met vis als prooi
251A_1_ZANGVO-NAT00Z00VR1;Merels en mezen
375A_1_KLAUWI-NAT00Z0138V;Grauwe klauwier
5713_2_EILAND-NAT00Z03K3F;Eilanden in de Maas bij Borgharen
0001BLAUWEREI-NAT00Z03NV8;Blauwe reiger met dode waterhoen
0003GRBONTESP-NAT00Z03O0H;Grote bonte specht aan de feeders
0000GRKAREKIE-NAT00Z03NPX;Grote karekiet zingend
AKKERRANDWINT-NAT00Z056FS;Akkerrand in de winter
0277_2_WULPWE-NAT00Z00TPJ;Wulp
0540_1_WULPEN-NAT00Z00TRB;Wulpen fouragerend in weiland
738A_2_KOLGAN-NAT00Z01N7Q;Kolganzen landen in weiland
EF07029_3_BRG-NAT00Z01NTS;Poetsende en rustende bergeenden
080101_1_BOPI-NAT00Z02H3A;Boompieper zingend in boom
400A_3_UILSKU-NAT00Z0136Z;Uilskuikens (ransuilen)
020907_1_WARA-NAT00Z02H10;Waterral in rietkraag en op het ijs
1702_1_VOGELS-NAT00Z02ARC;Blauwe reigers, aalscholvers en kokmeeuwen foerageren langs de oever van een plas
VOOPOELGEDIER-NAT00Z04Y42;Schapen en vele vogelsoorten in Polder Poelgeest
0410_1_HAVIKJ-NAT00Z00TIA;Jonge havik
340A_2_KOEKOE-NAT00Z012WN;Roepende koekoek
EP06168_4_RIE-NAT00Z01NBH;Zingende rietzanger
1708_1_RUNDER-NAT00Z02ARR;Gallowayrunderen en een reiger lopen door de bevroren uiterwaarden
0001BOSUIL001-NAT00Z03NVH;Bosuil in schoorsteen
0000OEVERZWAL-NAT00Z03NSD;Natuurlijke oeverzwaluwwal met oeverzwaluw
0530_10_STRAN-NAT00Z00TUK;Bonte strandlopers
EP06136_2_ZEE-NAT00Z013QH;Vliegende zeearend
1010B_2_EENDE-NAT00Z02AQF;Verschillende soorten eenden, ganzen en zwanen in het open water
1009_5_MEERKO-NAT00Z023ER;Meerkoeten schuifelen over het ijs rondom open water
VONDELKAUBOOM-NAT00Z04Y2P;Kolonie kauwen in de bomen van het Vondelpark
GEELGORSINSNE-NAT00Z056GS;Geelgorzen in de sneeuw
621A_4_HAVIKP-NAT00Z01M4N;Havik jagend en op paal
EP06115_1_GAN-NAT00Z01NUB;Grauwe ganzen met kuikens op dijkje
EP06170_1_IJS-NAT00Z01NJG;IJsvogel vliegt nestgang in
0001KOEKOEK00-NAT00Z03NWN;Roepende koekoek
621A_3_PUTTER-NAT00Z01M1I;Putters of distelvinken
041303_1_SPRZ-NAT00Z02H1K;Sprinkhaanrietzanger in het riet
0001KIEVIT000-NAT00Z03NWH;Kievit op nest met eieren in grasland
0002STORMMEEU-NAT00Z03O04;Stormmeeuw in winterkleed boven zee
BEEKDALLEIJ__-NAT00Z056FW;Beekdal de Oude Leij
0001HUISZWALU-NAT00Z03NWA;Huiszwaluw voerend bij kunstnest
0000HOUTDUIF0-NAT00Z03NQD;Grote groep houtduiven
563A_1_GRUTTO-NAT00Z013K8;Groenpootruiters
684A_2_BUIZER-NAT00Z01NOO;Buizerd in het Fochteloërveen
653A_2_KRUISB-NAT00Z01N8Y;Kruisbekken in spar
EP06102_1_RBT-NAT00Z01NHU;Roodborsttapuiten op heide
0001GEKRROODS-NAT00Z03NVT;Gekraagde roodstaart
0006LEPELAAR0-NAT00Z03O28;Lepelaar in goud licht bij zonsondergang
0000ZWARSPECH-NAT00Z03NUW;Zwarte specht bij nesthol en drinkend
0000WULP00000-NAT00Z03NUN;Grote groep wulpen
6007_1_GETIJD-NAT00Z04XQP;Moerasplanten in Klein Profijt
STEENUILADULT-NAT00Z056IK;Volwassen steenuil kijkend
436A_1_SCSTEL-NAT00Z0135B;Grote groep scholeksters vliegt op
560A_2_KWIKST-NAT00Z013HE;Grote gele kwikstaart
070506_1_TAPU-NAT00Z02H2Y;Tapuit in plas-drasgebied
100101_2_CAGA-NAT00Z02H4P;Canadese gans
0000WATERSPRE-NAT00Z03NUB;Foeragerende waterspreeuw
GROTEZILVEREI-NAT00Z056H2;Grote zilverreiger foerageert
274A_1_GEELGO-NAT00Z00VR3;Geelgorsen in sneeuw
359A_2_LPLVLG-NAT00Z01380;Lepelaarskolonie op Texel
1011_1_KIEVIT-NAT00Z02AMX;Grote groep kieviten staan in een ondergelopen grasland
0002KRAMSVOGE-NAT00Z03NZN;Kramsvogels op hangend fruit
0004ROTGANS00-NAT00Z03O1R;Rotganzen op het strand
0000WINTERKON-NAT00Z03NUG;Zingende winterkoning
3001A_1_OOIEV-NAT00Z02H5L;Twee ooievaars op hun nest in een hoogstamboomgaard
0001ROTGANS00-NAT00Z03NXK;Rotganzen met afschrikmiddelen
398A_2_TURELU-NAT00Z01354;Tureluur op een paal
488A_5_APVINK-NAT00Z013QE;Appelvink
EP06039_1_GAN-NAT00Z01NGN;Grauwe ganzen met kleine kuikens
EP06179_4_ZWA-NAT00Z01N9K;Zwanen met donskuikens
020101_1_GEKW-NAT00Z02H09;Gele kwikstaart zoekt voedsel en zit op hek
0000DRIETEENM-NAT00Z03NOW;Drieteenmeeuw op strand
0000ROODMUS00-NAT00Z03NT4;Zingende roodmus
0000ZANGLIJST-NAT00Z03NUO;Zingende zanglijster en Bessenetende zanglijster
0203_3_BRGANS-NAT00Z00TDD;Brandganzen landend en fouragerend in weiland
80A_1_NRDSTRN-NAT00Z00TE8;Baltsende grote sternen
350A_4_VISDIE-NAT00Z012X1;Kuikens visdief
680A_1_KRAANV-NAT00Z013I3;Kraanvogelpaar vliegt weg
0003BUIZERD00-NAT00Z03O0E;Buizerd met prooi
0000BOSRIETZA-NAT00Z03NOJ;Bosrietzanger
0001OEVERZWAL-NAT00Z03NX4;Kunstmatige oeverzwaluwwal van beton met oeverzwaluw
5907_2_ABEEK_-NAT00Z04XOY;Recreatie en natuurgebieden langs de Abeek in het Kempen~Broek
SP045VOGBADD1-NAT00Z0577H;Badderende vogels
EP06037_2_FUU-NAT00Z01NIS;Geoorde futen en dodaars
5313_1_STEILR-NAT00Z03K22;Broedende oeverzwaluwen langs de Maas
0000EIDEREEND-NAT00Z03NP0;Eider
0000NACHTEGAA-NAT00Z03NS3;Zingende nachtegaal
1707_2_GANZEN-NAT00Z02ARP;Groepen kolganzen vliegen over de uiterwaarden
020605_2_WASN-NAT00Z02H0U;Watersnip aan het foerageren
0000HUISKRAAI-NAT00Z03NQF;Huiskraai met kauw
0000OEHOE0000-NAT00Z03O6W;Oehoe zittend in de boom
6021_5_HARING-NAT00Z04XRW;Het natuurgebied Kwade Hoek bij de Haringvlietsluizen
DODAARSVOORJA-NAT00Z056GI;Dodaars in voorjaarskleed
655A_1_BLKIEK-NAT00Z01N8R;Jagende blauwe kiekendief
020701_1_ZOTO-NAT00Z02H0W;Zomertortel op grasland
5235_2_GANZEN-NAT00Z03K1K;Grazende ganzen op de ondergelopen oevers van de Maas
0001EIDEREEND-NAT00Z03NVP;Eiders met jongen
0001BOOMKLEVE-NAT00Z03NVG;Boomklever voerend
0002KLMANTELM-NAT00Z03NZE;Kleine mantelmeeuwen parend en in kolonie
ATELES151LI06-NAT00Z04I5S;Maretak in de bomen in Limburg
109A_2_SCHOLE-NAT00Z00UFJ;Scholeksters badderend
1707_1_GANZEN-NAT00Z02ARO;Grote groep kolganzen strijkt neer in de uiterwaarden
0000VINK00000-NAT00Z03NU3;Zingende vink
EP06172_4_LEP-NAT00Z01NKW;Lepelaarkolonie op de Schorren, Texel
971018_3_ROEK-NAT00Z02H8J;Roek op nest
0005LEPELAAR0-NAT00Z03O22;Vliegende lepelaars
0000WILDEZWAA-NAT00Z03NUF;Wilde zwaan in de sneeuw en op het ijs
VKA132_003_06-NAT00Z04Y29;Bonte specht foerageert
247A_1_GRGELE-NAT00Z00VQV;Grote gele kwikstaart
501A_2_KOOLME-NAT00Z013LZ;Koolmees in de sneeuw
0000MEREL0000-NAT00Z03NRZ;Zingend mannetje merel
0000KWARTELKO-NAT00Z03NRU;Kwartelkoning
0000PATRIJS00-NAT00Z03O64;Patrijs in groepje in weiland
6018_3_KREKEN-NAT00Z04XRI;Watervogels foerageren op de droogstaande bedding van een getijdenkreek
127A_1_SCHOLE-NAT00Z00TQ5;Scholeksters en goudplevieren
EP06102_4_GRU-NAT00Z01NJC;Grutto op paal en in weiland
EP06167_6_KWI-NAT00Z01NAH;Witte kwikstaart baddert en poetst veren
1712_1_ROOFVO-NAT00Z02AS5;Een blauwe kiekendief is op jacht boven een ruig winters landschap
950128_1_MEKO-NAT00Z02H7Y;Meerkoet in stadsgrachtnest
0001KANOET000-NAT00Z03NWC;Grote groep vliegende en lopende kanoeten
0000KRAANVOGE-NAT00Z03NRI;Foeragerende kraanvogel
0000ZWARTKOP0-NAT00Z03NUY;Zingende zwartkop
ATELES141LIM6-NAT00Z04I5A;Graften in Limburg en weilanden
1010B_1_ZWAAN-NAT00Z02AQD;Een groep kleine zwanen in het ondiepe water
971003_1_KLRI-NAT00Z02H8D;Kleine rietgans in een weiland
110101_2_HODU-NAT00Z02H4T;Holenduif in een perceel wintertarwe
0000PESTVOGEL-NAT00Z03NSI;Pestvogel in struiken met bessen
0002TORENVALK-NAT00Z03O05;Torenvalk op paaltje
021VOGELOPVAN-NAT00Z05003;Vogelopvang
VKB050_052_07-NAT00Z050SM;Zwartkop neemt bad
VKB046_005_07-NAT00Z050Q8;Meerkoeten paren op nest in stadsgracht
0217_6_SPECHT-NAT00Z00TSU;Groene specht
EP06132_1_ZEE-NAT00Z013HM;Zeearendjong doet eerste vliegoefeningen
501A_1_MMEREL-NAT00Z013N0;Merel in een sneeuwbui
743A_2_KIEKEN-NAT00Z01NMS;Bruine kiekendief vliegt jagend boven moeras
GEELGORSINHEG-NAT00Z056GR;Geelgors in een gevlochten heg
440A_2_WATERV-NAT00Z0137R;Lepelaars in het Lauwersmeer
070107_2_GAAI-NAT00Z02H2E;Gaai met nestmateriaal en noten
0002GRBONTESP-NAT00Z03NZ2;Roffelende grote bonte specht
0000KROONEEND-NAT00Z03NRM;Zwemmende en poetsende krooneenden
VKA210_001_11-NAT00Z050Q4;Oeverzwaluwen nestelen in zandberg
SLOBEENDZWEMM-NAT00Z056IH;Slobeenden foerageren
61A_1_WULPNKP-NAT00Z00UDB;Wulpen fouragerend
EF07029_6_BRG-NAT00Z01NTR;Blauwe reiger loopt door ondiep water
970905_1_MIZA-NAT00Z02H8A;Middelste zaagbek in Oosterschelde
070702_1_KLZI-NAT00Z02H32;Kleine zilverreiger in boom en kreek
0813B_1_PETIT-NAT00Z02H3Q;Het moerasbos bij Lanaye gezien vanaf het water
026VOGELOPVAN-NAT00Z05007;Vogelopvang
738A_4_GRASPI-NAT00Z01NEY;Graspieper loopt over ijs
0000PIJLSTAAR-NAT00Z03NSJ;Pijlstaart mannetje en vrouwtje
VKB085_039_06-NAT00Z050RH;Meerkoeten onderhouden het nest
0128_3_GANZEN-NAT00Z00TCQ;Grauwe ganzen voor jachtslot Sint Hubertus
1010A_2_REIGE-NAT00Z023FI;Jonge blauwe reiger loopt op het ijs
LAND_GANZEN__-NAT00Z055L5;Grauwe ganzen op een ven
BUITENGEWO_22-NAT00Z05782;Zwarte stern
0366_7_DWERGS-NAT00Z00TWJ;Dwergsterns boven strand
0000HEGGENMUS-NAT00Z03NQA;Zingende en poetsende heggenmus
6027_2_BIESBO-NAT00Z04XSK;Veel verschillende watervogels leven op de Tongplaat
VONDELKAUTERR-NAT00Z04Y2R;Kauwen op het terras in het Vondelpark
RINGMUSTUSSEN-NAT00Z056IB;Ringmussen zoeken voedsel
341A_1_VISDIE-NAT00Z01324;Visdieven baltsend en met kuikens
751A_3_WATERS-NAT00Z01NOP;Watersnip in een rietveld
EP06086_3_VOG-NAT00Z01N9U;Pimpelmees, koolmees, vink, boomklever en klapekster in sneeuw
0000GRAUWKIEK-NAT00Z03NPP;Vliegende grauwe kiekendief
0000HUISZWALU-NAT00Z03NQH;Metselende huiszwaluw
0001KLUUT0000-NAT00Z03NWL;Kluut met jongen
BLAUWBORSTZIN-NAT00Z056G0;Zingende blauwborst
SP033LANDSBK3-NAT00Z05772;Blauwe Kamer: Lepelaars in slowmotion
47A_4_PAAPJES-NAT00Z00UCR;Paapje en roodborsttapuit
500A_4_GRWGAN-NAT00Z013NN;Kolganzen en grauwe ganzen op Texel
603A_1_WAHOEN-NAT00Z01M33;Waterhoenjong wordt verjaagd door volwassen waterhoen
1009_1_REIGER-NAT00Z02AQ6;Een blauwe reiger jaagt tussen het riet
060103_1_GRBO-NAT00Z02H21;Grote bonte specht met jong
020901_1_BLBO-NAT00Z02H0Z;Blauwborst aan de zang
00002VLIELAND-NAT00Z02YA2;Overzicht Kroonspolders
0000GRZEEEEND-NAT00Z03NQ6;Grote zee-eend zwemmend
253A_1_GRUTHA-NAT00Z00VPG;Grutto's en haas in weiland
634A_4_AALSGO-NAT00Z00WDK;Aalscholver droogt veren
689A_1_RIETGO-NAT00Z01NB0;Rietgors op rietstengel
0366_2_VISDIE-NAT00Z00TS1;Noordse stern eet vis in visdievenkolonie
415A_1_TIJWAD-NAT00Z013BY;Opkomend tij tussen stenen zeewering, blaaswier en zilvermeeuw
656A_1_KARKAS-NAT00Z01NGK;Raven bij kadaver edelhert
1705_2_SPERWE-NAT00Z02AMZ;Mannetjes sperwer in wilgenboom
041301_1_BLKI-NAT00Z02H1J;Blauwe kiekendief met nest
031501_1_SLVA-NAT00Z02H1E;Slechtvalk op jacht
0601_3_REIGER-NAT00Z00UF2;Reiger in de haven
341A_4_KLUUTE-NAT00Z012WU;Kluten en jong kuiken
EP06133_4_ZEE-NAT00Z013HS;Zeearendpaar in de Oostvaardersplassen
EP06176_4_BBP-NAT00Z01NQZ;Kleine plevier doet alsof hij gewond is
0002IJSVOGEL0-NAT00Z03O6U;IJsvogel in de sneeuw
0001OOIEVAAR0-NAT00Z03NX5;Ooievaars in een weiland en op lichtmast
0000BONTBEKPL-NAT00Z03O63;Bontbekplevier broedend
VKB047_025_07-NAT00Z050QD;Fuut zit op nest in stadsgracht
262A_2_SNGANS-NAT00Z00VSG;Sneeuwganzen
950112_1_ZWST-NAT00Z02H7V;Zwarte stern in De Wieden
5405_1_BUFFER-NAT00Z03K2C;De oude kleiputten bij Loevestein
0000DODAARS00-NAT00Z03NOU;Dodaars
GROENLINGOPKL-NAT00Z056GZ;Groenlingen op grote klit
443A_2_STELTE-NAT00Z0134M;Groenpootruiter in ondiep water
662A_2_BRAAKB-NAT00Z01NIE;Braakbal van klapekster
EF07031_1_KIE-NAT00Z01NU7;Kieviten en goudplevieren in weiland
EP06168_1_BON-NAT00Z01NF9;Zingende bonte vliegenvanger
020602_1_BOVA-NAT00Z02H0S;Boomvalk poetsend in boom
0000GEELGORS0-NAT00Z03NPB;Zingende geelgors
0000SLOBEEND0-NAT00Z03NTB;Mannetje en vrouwtje slobeend
SP017VOERGIES-NAT00Z054UD;Vogels voeren landelijke tuin (Staartmees, gbs, winterkoning, merel, roodborst
622A_3_PUTTER-NAT00Z00W8A;Putters
489A_4_WITBUI-NAT00Z013QC;Witte buizerd
020803_1_RBTA-NAT00Z02H0Y;Roodborsttapuit op tak
440A_1_WATERV-NAT00Z01392;Lauwersmeer met bruine kiekendief en veel vogels
0002DWERGSTER-NAT00Z03NYY;Paring en visoverdracht dwergstern
0000KNEU00000-NAT00Z03NRA;Foeragerende en zingende kneu
250A_2_MUSSEN-NAT00Z00VQK;Heggenmus en huismus
690A_5_POETSV-NAT00Z01NLE;Watervogels poetsen veren
0005GROTESTER-NAT00Z03O1V;Massaal vliegende grote sterns
0000VISDIEF00-NAT00Z03NU5;visdief
350A_6_KMEEUW-NAT00Z012YP;Kokmeeuwen met grote kuikens
533A_3_KEMPHA-NAT00Z013LA;Kemphanen op drassig weiland
338A_2_BIJETR-NAT00Z012X6;Bijeneters
410A_3_ROOFVO-NAT00Z01381;Buizerd op tak
052003_1_HABA-NAT00Z02H1Y;Halsbandparkiet in het Vondelpark
0003KLZWAAN00-NAT00Z03O0R;Kleine zwanen op het water
0001RANSUIL00-NAT00Z03NXB;Ransuil rustend in boom
0000SCHOLEKST-NAT00Z03NT9;Scholeksters op hoogwatervluchtplaats
273A_2_EENDDU-NAT00Z00VQN;Nonnetje (vogel)
0003KIEVIT000-NAT00Z03O0P;Kievit met donsjongen
0000KLSTRLOPE-NAT00Z03NR3;Foeragerende kleine strandloper
VONDELHALSBAN-NAT00Z04Y2O;Halsbandparkiet in het Vondelpark
0531_1_WASNIP-NAT00Z00UJZ;Watersnip
5235_3_HOOGWA-NAT00Z03K1L;Hoogwater van de Maas bij Keent
0000KLAPEKSTE-NAT00Z03NQT;Klapekster in struiken
0001STORMMEEU-NAT00Z03NXP;Stormmeeuw in broedkolonie
VONDELKAUPRUL-NAT00Z04Y2Q;Kauwen rondom afvalresten bij een prullenbak
0437_4_VISDIE-NAT00Z00TEO;Visdief broedend tussen zeekraal
EF07022_5_TOE-NAT00Z01NT8;Kolganzen en toendrarietganzen landen op maisakker
0001WILDEEEND-NAT00Z03NYG;Vrouwtje wilde eend met jongen
ZWAANVECHWEDR-NAT00Z04Y62;Afloop van een zwanengevecht
KERKUILRING02-NAT00Z0506J;Kerkuilen ringen, wegen en meten
SP014VOERPIMP-NAT00Z054UA;Vogels voeren pimpelmees
275A_1_ROODBO-NAT00Z00VPZ;Roodborstje in sneeuw
337A_6_FLAMIN-NAT00Z012XB;Flamingo's
980304_2_KLSL-NAT00Z02H8S;Kleine strandloper langs de oever van de Dollard
910213_1_HOSN-NAT00Z02H7N;Houtsnip in het bos
0426_5_GEOORD-NAT00Z00TEX;Geoorde fuut op nest met kuiken
593A_1_ZWSPEC-NAT00Z013K2;Zwarte specht
EP06171_2_GRA-NAT00Z01NLZ;Zingende grasmus
0000BUIDELMEE-NAT00Z03NOQ;Buidelmees
0001KRAANVOGE-NAT00Z03NWS;Parende kraanvogels
0000NIJLGANS0-NAT00Z03NS5;Zwemmende en grazende nijlganzen
0000WOUDAAP00-NAT00Z03NUM;Klimmende en vliegende woudaap
242A_4_GRAUWE-NAT00Z00VPB;Grauwe ganzen en grote zilverreiger
EP06133_1_ZEE-NAT00Z013HR;Zeearendjong doet vliegoefeningen op nest
1702_2_VOGELS-NAT00Z02ARE;Een rustplaats van aalscholvers in avondlicht
5406_3_KLEIPU-NAT00Z03K2G;De verlaten kleiputten bij Loevestein
0001GOUDPLEVI-NAT00Z03NVW;Goudplevier in zomerkleed
0001OEHOE0000-NAT00Z03NX3;Oehoe op nest met jongen
KERKUILRING03-NAT00Z0506K;Kerkuilen ringen, wegen en meten
81A_1_GRIENDV-NAT00Z00UEO;Vogeleiland Griend
303A_2_EENDNE-NAT00Z00VQO;Broedende eidereend
666A_1_IJSVOG-NAT00Z01NNI;IJsvogel op takken boven water
EP06167_2_GRA-NAT00Z01NAN;Grauwe ganzen met kleine kuikens
3001A_2_OOIEV-NAT00Z02H5M;Mensen kijken naar een ooievaarsnest in een hoogstamboomgaard
0005GRUTTO000-NAT00Z03O1W;Grote groep grutto's op verzamelplaats
0003HOUTSNIP0-NAT00Z03O0L;Foeragerende houtsnip
0302_2_LEEUWE-NAT00Z00TSO;Boompieper
1710_1_EENDEN-NAT00Z02ARX;Een grote groep eenden zwemt tussen de ijsplaten in het open water
0000HOUTSNIP0-NAT00Z03NQE;Foeragerende houtsnip
6024_3_KOEDOO-NAT00Z04XSA;Koedood als onderdeel van klimaatbuffer IJsselmonde
6024_2_KOEDOO-NAT00Z04XS9;Watergentiaan en gele plomp in bloei
910104_2_KRBE-NAT00Z02H7C;Kruisbek zoekt voedsel
0000GOUDVINK0-NAT00Z03NPJ;Goudvink etend van de bessen
0000STRANDPLE-NAT00Z03NTQ;Foeragerende en broedende strandplevier
ATELES141MAA8-NAT00Z04I5H;Bomen en vlechtheggen in Maasheggen
341A_2_SCHOLE-NAT00Z012ZH;Scholekster met kuikens
5310_4_HEMELR-NAT00Z03K1Z;Leven langs de rietranden van de Hemelrijkse Waard
0001BOERENZWA-NAT00Z03NVA;Boerenzwaluwen op trek
0000BRAAMSLUI-NAT00Z03NOM;Braamsluiper zingend
0332_3_KIEVIT-NAT00Z00TQN;Kievit met kuiken
317A_4_WEIDEV-NAT00Z00W6G;Bloemrijk nat grasland, zeer geschikt voor weidevogels
EP06092_2_TUR-NAT00Z01NHF;Tureluur foerageert in ondiep water met laagje ijs
0002KRAANVOGE-NAT00Z03NZM;Vliegende kraanvogels
OEVERLOPERFOE-NAT00Z056HW;Oeverloper langs een waterplas
118A_4_IJSVOG-NAT00Z00WDG;IJsvogel zit op wilgentak
720A_2_KRUISB-NAT00Z01NLD;Kruisbekken eten zaden
EP06167_1_FAZ-NAT00Z01NCH;Parende fazanten
900202_1_VUIL-NAT00Z02H71;Velduil in duingebied
110201_1_GAAI-NAT00Z02H4V;Gaai die naar beukennoten zoekt
060601_1_BERG-NAT00Z02H29;Bergeend aan de maaltijd
0001GELEKWIKS-NAT00Z03NVU;Gele kwikstaart op de bollen
0000GRAUWKLAU-NAT00Z03NPQ;Diverse kleden grauwe klauwier
0003HUISZWALU-NAT00Z03O0N;Huiszwaluw zoekend naar modder
0002KEMPHAAN0-NAT00Z03NZB;Ruiende kemphaan
0000ROTGANS00-NAT00Z03NT6;Rotganzen grazend op graslanden
EF07029_1_SLO-NAT00Z01NTW;Slobeenden
0002HUISZWALU-NAT00Z03NZ9;Huiszwaluw voerend bij natuurlijk nest
0002ROSSEGRUT-NAT00Z03NZZ;Rosse grutto's in vlucht
0214_1_HEGGEM-NAT00Z00TQD;Heggenmus
VONDELVOGKOEW-NAT00Z04Y35;Diverse vogelsoorten in het Vondelpark inclusief landschapshots van de Koeweide in het park
VONDELORANJEP-NAT00Z04Y32;Diverse vogels zoeken hun plekje op tijdens de drukte van Koningsdag in het Vondelpark
STADSZIGT2___-NAT00Z0507U;Vrijwilligers Gasterij Stadszigt Naarden 2 Naardermeer
VKB050_034_05-NAT00Z050QK;Ringmus voert jong
3A_1_KOOLMEES-NAT00Z00TGE;Koolmees bij nestkast
0523_2_WULPTE-NAT00Z00TWL;Wulp fouragerend langs waterkant
683A_4_RIETGO-NAT00Z01NJX;Rietgors zingend
0000FITIS0000-NAT00Z03NP6;Zingende fitis
0000BOSRUITER-NAT00Z03NOK;Bosruiter foeragerend
0004GRUTTO000-NAT00Z03O1F;Grutto broedend op schelpenstrand
47A_3_LEEUWER-NAT00Z00UFG;Zingende veldleeuwerik
680A_2_KRAANV-NAT00Z013NC;Kraanvogel bij koeien en pony's
640A_1_KIEVIT-NAT00Z01NOA;Kieviten op akker in uiterwaarden
481A_5_TORENV-NAT00Z013LD;Torenvalk op paal met bordje Staatsbosbeheer
000117_1_FUUT-NAT00Z02GZF;Balts en paring van de fuut
051604_1_STUI-NAT00Z02H1V;Steenuil, wie kijkt naar wie?
339A_3_KLUUTK-NAT00Z012WL;Kluut met kuiken
373A_4_RNSUIL-NAT00Z01378;Ransuil
0001ZEEAREND0-NAT00Z03NYJ;Zittende en vliegende zeearenden van verschillende leeftijden
0354_3_SPERWE-NAT00Z00TS3;Sperwer op plukplaats
116A_1_ZANGLI-NAT00Z00UCM;Zanglijster zoekend naar voedsel
303A_1_LEPELA-NAT00Z00WD5;Lepelaarskolonie met jongen op nest
EP06115_4_KOK-NAT00Z01NT6;Kokmeeuwkolonie
070201_1_EKST-NAT00Z02H2F;Ekster met brood en in de dakgoot
0002FUUT00000-NAT00Z03NZ0;Baltsende futen
0405_1_GEELGO-NAT00Z00TW4;Geelgors mannetje zingend
92A_2_GROTEST-NAT00Z00THC;Bedelende kuikens van visdieven
236A_2_OOIREI-NAT00Z00UHO;Ooievaar en reiger passeren elkaar in weiland
726A_1_IJSVOG-NAT00Z01NNK;IJsvogels in ochtendnevel
EP06035_1_KUI-NAT00Z01N9X;Kuifeenden, meerkoet, wintertaling en waterhoen
EP06117_4_SCH-NAT00Z01NTF;Scholeksters in weiland
VONDELVOGRECR-NAT00Z04Y36;Vogels en recreatie in het Vondelpark
SP021VOERBOOM-NAT00Z054UH;Vogels voeren boomklever en zwartkop
020402_1_GOPL-NAT00Z02H0G;Goudplevier op strand en in groep
VONDELNEILJON-NAT00Z04Y2U;Paar Nijlganzen met kuikens in het Vondelpark
564A_3_GRGANS-NAT00Z013NO;Grauwe ganzen in weiland met paardenbloemen
5403_1_WAALKA-NAT00Z03K29;De oevers van de Maas op een zomerdag
500A_1_GANZWA-NAT00Z013P9;Grauwe ganzen en kleine zwanen
970906_1_ROGA-NAT00Z02H8C;Rotgans op de Oosterschelde
52A_1_GRSPIEP-NAT00Z00TK9;Graspieper
EP06132_4_ZEE-NAT00Z013HO;Zeearend brengt prooi bij jong op nest
673A_1_ZWANEN-NAT00Z01NEB;Wilde zwanen, kleine zwanen en knobbelzwanen bij Doesburg
653A_4_VOGELS-NAT00Z01NES;Pimpelmees, merels, vinken en ringmussen
910105_1_ZEEA-NAT00Z02H7D;Zeearend in de vlucht
0002LEPELAAR0-NAT00Z03NZP;Eieren en donsjongen van de lepelaar
STRANDVOND001-NAT00Z0507W;Dode vogels op het strand
ROSGRUTRING04-NAT00Z0507M;Rosse Grutto's vangen, ringen, wegen en meten
744A_1_GROENL-NAT00Z01NNA;Een groenling in een kastanjeboom
980106_1_ROEK-NAT00Z02HJL;Roek in grasland
285A_1_BUIZER-NAT00Z00VQL;Lichte buizerd op kadaver edelhert
609A_1_WELKIP-NAT00Z00W45;Kip (Welsumer hoen) met kuikens
410A_1_TORENV-NAT00Z0137C;Jonge torenvalken
359A_1_NSTERN-NAT00Z0136U;Broedende noordse stern
673A_4_KOLGAN-NAT00Z01NJQ;Kolganzen in uiterwaarden
0000SMIENT000-NAT00Z03NTD;Smienten op het ijs
0000KROMBEKST-NAT00Z03NRL;Foeragerende krombekstrandlopers
NATUUREXCUR10-NAT00Z05077;Zeevogelexcursie op de Noordzee
678A_3_KRAANV-NAT00Z013ND;Kraanvogel vertoont begin van baltsgedrag
663A_1_MEERKO-NAT00Z01NMF;Meerkoeten in wak
051902_1_ROER-NAT00Z02H1X;Roerdomp in paalstand
74A_1_GRAUWKL-NAT00Z00TH4;Klapekster
678A_5_KRAANV-NAT00Z013MP;Kraanvogelpaar landt, baltst en paart
0002BOERENZWA-NAT00Z03NYT;Jonge boerenzwaluwen in nest
0003KOKMEEUW0-NAT00Z03O0S;Kokmeeuwen boven zee
0205_3_LIJSTE-NAT00Z00TIH;Zingende zanglijster
0195_2_WZWAAN-NAT00Z00TI7;Wilde zwanen
1710_3_EENDEN-NAT00Z02ARZ;Verschillende soorten eenden staan op schuivende ijsplaten
980304_1_OEVL-NAT00Z02H8R;Oeverloper in slenk
0000ROERDOMP0-NAT00Z03NSX;Roerdomp vissend in slootje
PUTTERFOERAGE-NAT00Z056I5;Putter foerageert op verschillende planten
0002KANOET000-NAT00Z03NZA;Kanoeten op hoogwatervluchtplaats
5907_1_MOERAS-NAT00Z04XOX;Wandelaars en runderen genieten van het voorjaar in het Kempen~Broek
EP06161_1_RAV-NAT00Z01NTK;Zwarte kraaien op kadaver edelhert
030501_1_WAHO-NAT00Z02H14;Waterhoen op de Brakel
0000BOOMPIEPE-NAT00Z03NOH;Boompieper
595A_3_BOSPEC-NAT00Z013MT;Grote bonte specht hakt in dode boom
5230_2_WILGEN-NAT00Z03K1C;De oevers van de Steenbergse Vliet
0000FLUITER00-NAT00Z03NP7;Zingende fluiter
634A_2_HODUIF-NAT00Z00W79;Houtduiven op gemaaide graanakker
400A_4_ROOFVO-NAT00Z0138L;Bruine en blauwe kiekendieven in duingebied
546A_1_STEENU-NAT00Z013MJ;Steenuilenpaartje in perenboom
070201_7_HUMU-NAT00Z02H2L;Huismus vindt korst brood
349A_1_GRASPI-NAT00Z012W2;Graspieper
EP06003_2_GPT-NAT00Z01NHW;Groenpootruiters en tureluur zoeken voedsel in ondiep water
000028_1_WULP-NAT00Z02GZ4;Wulp op bevroren sloot
5718_1_OOIBOS-NAT00Z03K3M;Uitzicht op een ooibos
0203_2_KOLGAN-NAT00Z00TFF;Kolganzen in uiterwaarden
213A_4_KRAANV-NAT00Z00UHB;Grote groep kraanvogels op een akkertje
5911_2_EENDEN-NAT00Z04XP6;Watervogels zwemmen tussen de gele plomp en gele lis
302A_1_ZWARZW-NAT00Z00VQ5;Zwarte zwanen
309A_3_FAZANT-NAT00Z00W7S;Paartje fazanten
0000GRASMUS00-NAT00Z03NPL;Zingende grasmus
347A_1_GBSPEC-NAT00Z012Z4;Grote bonte specht voert jongen
970905_1_WULP-NAT00Z02H8B;Wulp langs de Oosterschelde
0003IJSVOGEL0-NAT00Z03O0O;IJsvogel bij nest
0000KEEP00000-NAT00Z03NQP;Keep op de voerplek
0000STEENLOPE-NAT00Z03NTL;Foeragerende steenlopers
EP06010_1_IJS-NAT00Z01NK9;IJsvogels voor nestingang
0003EIDEREEND-NAT00Z03O0F;Baltsende eiders
683A_1_KRAANV-NAT00Z01NE5;Kraanvogelpaar bij boerderij
EP06102_5_KIE-NAT00Z01NBB;Jagende bruine kiekendief
950303_1_TUTO-NAT00Z02H84;Turkse tortel aan de maaltijd
0007GRUTTO000-NAT00Z03O2B;Foeragerende grutto
0000KRUISBEK0-NAT00Z03NRN;Drinkende en zittende kruisbekken
0000SLECHTVAL-NAT00Z03NTA;Slechtvalk
5916_7_MOERAS-NAT00Z04XPP;Leven in het moerasgebied van het natuurgebied Smeetshof
336A_2_DWSTER-NAT00Z012WM;Baltsende dwergsternen
DODAARSVECHTE-NAT00Z056GG;Dodaars verdedigd zijn territorium
BUIZERDJONG__-NAT00Z056GA;Jonge buizerd op aas
1715_1_RANSUI-NAT00Z023FM;Ransuil in wilgenboom
960203_1_TOVA-NAT00Z02H86;Torenvalk met jongen in nestkasten
ZWAANVECHWITW-NAT00Z04Y64;Zwanengevecht op het land
GRUTTOCLOSE__-NAT00Z056H3;Grutto foerageert in de modder
725A_2_IJSPAR-NAT00Z01NGC;Parende ijsvogels
6028_4_ZUIDER-NAT00Z04XSP;Een overzicht van de Zuiderklip in de Biesbosch
351A_1_VISDIE-NAT00Z01323;Visdief eet grote vis, bedelende kuikens
684A_1_VOGELS-NAT00Z01NFI;Vogels in het Fochteloërveen
665A_1_IJSVOG-NAT00Z01NOM;Visoverdracht ijsvogelpaar
0000BIJENETER-NAT00Z03NO7;Foeragerende bijeneters
0000VELDUIL00-NAT00Z03NU2;Diverse vliegbeelden van velduil
0212_1_CAGANS-NAT00Z00TSL;Grote Canadese ganzen
0540_2_KLZWAA-NAT00Z00TUP;Kleine zwanen in weiland
553A_3_RIETGO-NAT00Z013H4;Zingende rietgors
0003GRUTTO000-NAT00Z03O0K;Grutto op paal
EF09137_1_BRA-NAT00Z01N9V;Brandganzen  in weiland
000001AMELAND-NAT00Z02Y9B;Afvaart veerboot naar Ameland in Holwerd
0001KLPLEVIER-NAT00Z03NWJ;Baltsende en broedende kleine plevier
0001KUIFEEND0-NAT00Z03NWV;Vrouwtje kuifeend met jongen
678A_1_KRAANV-NAT00Z013MO;Kraanvogelpaar tussen kauwen
EP06130_1_KIE-NAT00Z01NU8;Jonge bruine kiekendieven in nest
0000RUIGPOOTB-NAT00Z03NT8;Jagende en zittende ruigpootbuizerd
672A_1_KLEZWA-NAT00Z01NF0;Wilde zwanen in uiterwaarden
EP06168_5_IJS-NAT00Z01N9N;IJsvogels met visjes
284A_1_BUIZER-NAT00Z00VPR;Lichte buizerd op berijpt kadaver edelhert
EP06175_1_MEE-NAT00Z01NJ5;Jonge meerkoeten aan de rand van een vijver
030505_1_ZALI-NAT00Z02H17;Zanglijster met nestmateriaal
0000KLZILVERR-NAT00Z03NR8;Vissende kleine zilverreiger
DODAARSJONGEN-NAT00Z056GD;Dodaars met jongen op het nest
BUITENGEWO_35-NAT00Z0578G;Ooievaars
525A_1_LEPELA-NAT00Z013M2;Jonge lepelaars op eilandje van waterplanten
675A_4_VINKEN-NAT00Z01NIC;Vink eet zaden
658A_2_KLAPEK-NAT00Z01NGA;Klapekster in meidoorn
690A_6_KNOBZW-NAT00Z01NGS;Baltsende knobbelzwanen
EP06176_2_KIE-NAT00Z01NIV;Kievit in nat weiland en in plas
010406_1_BIJE-NAT00Z02H01;Bijeneter bij nestgang
012_KNZWN_DET-NAT00Z03JYG;Knobbelzwaan zit, waakt en wast
0000MIZAAGBEK-NAT00Z03NS1;Middelste zaagbek zwemmend en poetsend
STADSZIGT1___-NAT00Z0507T;Vrijwilligers Gasterij Stadszigt Naarden 1 Boot
RINGMUSZANDBA-NAT00Z056IC;Mussen nemen een zandbad
060101_1_PUTT-NAT00Z02H1Z;Putter in een struik langs de Maas
0000FAZANT000-NAT00Z03NP5;Roepende fazantenhaan
0333_3_KEMPHA-NAT00Z00TRJ;Grote groep badderende kemphanen
590A_1_MERELS-NAT00Z013K5;Merels eten bessen lijsterbes
0000TAPUIT000-NAT00Z03NTS;Diverse kleden van tapuit
500A_3_GRPIEP-NAT00Z013OJ;Graspieper
499A_2_PATRIJ-NAT00Z013MX;Patrijzen aan de rand industrieterrein
496A_3_NIJLGA-NAT00Z013IO;Nijlganzen op een akker
594A_4_BOSPEC-NAT00Z013MB;Grote bonte spechten voeren jongen
637A_7_KEMPHA-NAT00Z01M2L;Kemphanen in winterkleed
0000ZWARSTERN-NAT00Z03NUX;Broedproces zwarte stern
0126_1_EEMLAN-NAT00Z00THJ;Eemland
334A_4_NESTRO-NAT00Z0131Y;Jonge buizerds op nest
EP06170_3_KLU-NAT00Z01N7K;Kluten zoeken voedsel in natuurgebied Waal en Burg
0530_1_GOUDPL-NAT00Z00TRC;Goudplevieren
5230_1_RIETOE-NAT00Z03K1B;Rietoevers en wolkenluchten langs de Steenbergse Vliet
6018_4_KREKEN-NAT00Z04XRL;De getijdengeul in natuurgebied Klein Profijt
612A_2_ROODST-NAT00Z01M0V;Gekraagde roodstaart
EP06103_3_GRU-NAT00Z01NB9;Grutto's in weiland in vroege ochtend
000009AMELAND-NAT00Z02Y9K;Hollumer Kwelder en Vogelpolle
5713_3_GRINDB-NAT00Z03K3G;Vogels op de grindbanken van de Maas
KRAMSVOGELIND-NAT00Z056HO;Kramsvogels in de sneeuw etend van appels
DODAARSVOEREN-NAT00Z056GH;Dodaars voeren de jongen op het water
489A_2_KNOBZW-NAT00Z013LX;Knobbelzwaan in de sneeuw
502A_1_BUIZER-NAT00Z013HZ;Witte buizerd in sneeuw en mist
5716_4_GRIND_-NAT00Z03K3L;Een startsituatie voor natuurontwikkeling
0001GEOORDEFU-NAT00Z03NVV;Geoorde fuut met jongen
69A_2_JOHAVIK-NAT00Z00W65;Jonge haviken bij nest
430A_2_VOKRAA-NAT00Z013BA;Grote groep scholeksters
EP06135_1_ZEE-NAT00Z013HI;Vliegende zeearenden in de Oostvaardersplassen
BUITENGEWO_30-NAT00Z0578B;Natuur in de stad
351A_3_PLEVIE-NAT00Z012YL;Bontbekplevier
EP06003_3_SNP-NAT00Z01NHH;Watersnippen zoeken voedsel in ondiep water
051313_2_WIGA-NAT00Z02H1U;Witgatje in plas-drasgebied
0000NONNETJE0-NAT00Z03NS6;Mannetje en vrouwtje nonnetje
DODAARSNESTMA-NAT00Z056GE;Dodaars bouwt zijn drijvende nest
0402_1_HAVIKS-NAT00Z00TTD;Grote haviksjongen met veren op nest
0473_1_KERKUI-NAT00Z00UCU;Kerkuil bij kerk
61A_2_WILDEEN-NAT00Z00UEJ;Wilde eendenpaar
EF08040_1_UIL-NAT00Z01NUE;Steenuil bij nestkast in boerenschuur
595A_2_BOSPEC-NAT00Z013I5;Grote bonte specht zoekt insecten
0188_2_CANADE-NAT00Z00TI3;Canadese ganzen
116A_5_KIEKEN-NAT00Z00W8W;Jagende bruine kiekendief
0000KOEKOEK00-NAT00Z03NRC;Jonge koekoek gevoerd door graspieper
LEPELAARRIN08-NAT00Z0506W;Lepelaars ringen, wegen en meten
607A_1_BOEZWA-NAT00Z00WDU;Vier boerenzwaluwen in nest
641A_1_VOGELV-NAT00Z01NLA;Boomklever, ringmus, glanskop en vink
EP06109_2_KRR-NAT00Z01NO4;Reeën en kraaien op ingezaaide akker
0004BRKIEKEND-NAT00Z03O19;Bruine kiekendief poetsend
36A_2_BOOMPIE-NAT00Z00UDR;Badderende boompiepers
EP06100_5_GRU-NAT00Z01NJI;Parende grutto's en baltsende grutto's
EF07029_5_ZRG-NAT00Z01NTV;Grote zilverreiger bij rietkraag
0004GROTESTER-NAT00Z03O1C;Grote sterns op Ameland
EP06134_5_GAN-NAT00Z013KN;Grauwe ganzen in de Oostvaardersplassen
0000BRILDUIKE-NAT00Z03NOO;Brilduiker
0000BONTESTRL-NAT00Z03NOC;Bonte strandlopers
0002KIEVIT000-NAT00Z03NZD;Kievit op nest met jongen op bouwland
422A_2_MOSSEL-NAT00Z0136W;Mosselvisserij en steenlopers
689A_2_BLAUWB-NAT00Z01N90;Blauwborst op rietstengel
VKS0190_001_4-NAT00Z02HF0;Jonge torenvalken in een boom
0000KOKMEEUW0-NAT00Z03NRD;Parende en baltsende kokmeeuwen
SP013VOERKOOL-NAT00Z054U9;Vogels voeren koolmees
